f1,f2,f3,target
0.750572799628002,2.383282805817453,1.6541141414711609,-5.779173310446064
-1.6487568600564488,-1.1990022905326474,2.2413206723775714,-4.481235407685803
-2.9684081726065514,1.9273705102965977,1.7824165725122771,-10.849836272121797
-0.19239028293767557,-1.1818054390841188,-1.32944632739536,-2.8395654999373705
-1.4707824740752524,-0.32954216470412057,0.027289553747719797,-3.0488269066028675
0.320984112446955,2.973001700606356,1.7559715152825186,-12.06891731598208
0.7330753766469762,2.933760886091309,-1.7081478105864063,-12.412276537612609
-2.0387277968529327,0.6752376256381849,-2.7363479522317,-6.356247093727743
-2.785918327358423,0.08933292162822148,-0.20276384804826542,-5.596308535609803
2.503006639157114,0.7753575269460624,0.0847058795970832,4.17950263027296
-0.018759387638974445,-1.514910467836015,-2.929235846744965,-4.599433174071065
-1.8455871360881362,1.1521927252910356,-1.7963596560780288,-6.367776701941289
-0.7827821363867598,-2.977594547687544,1.9802863788104732,-14.34358521720498
-2.0732335136313607,-1.3944041726172873,2.281992923884972,-5.799917900802404
0.05874485921053907,2.0829014781952164,0.8383030016551576,-5.7019969366510495
1.4506256841711425,-2.451026369621726,0.24686292825893252,-5.849848784289969
0.04663341780209951,2.2280362601572836,-0.8324156459150545,-7.460141454432966
0.5891044032432786,-2.6444901459269783,-0.6742091933356278,-9.813761085839621
-1.06178192245076,-2.0988016255772886,1.8980286229144543,-8.067251476918852
-0.723322970698125,2.8724873064673293,0.5399501580636619,-13.27442484351557
0.630337522979108,0.827979484729993,1.05870146287673,0.44206133525025054
-2.0952718849897876,-0.35811919687087457,-1.56261622902286,-5.812087183075477
-0.58501021137611,-2.4197754364095263,2.8069683062929283,-8.24191603018502
-1.7099757758647198,1.0305909756677094,-1.1974795111255783,-5.829123423684423
2.2444621568970264,0.9732884300307227,-2.210305105150166,1.871016348868566
2.0704459252473173,2.669689026869877,2.4235007291755606,-5.757610839670853
0.41831488715566323,-2.1272402774344386,-1.8452190301900058,-7.271364813794232
2.567434108467147,0.31395892600358266,-1.9166850093065302,3.681693748862362
2.3043413651788196,0.8494302313348845,0.41816564684284785,3.627273021401067
-0.7422729832204791,-0.534268307057221,-1.5630647239089308,-2.583242541437328
-2.7716562798525652,2.2573128486556264,-0.19361869911542318,-13.972657219048733
0.2858111952824114,-1.0670201413186493,1.5079495191295678,-0.15654887045449228
-2.8488187751894376,-0.7668883646087763,-2.81789823369533,-8.343362761721606
-2.262647386769944,2.8028894123842063,0.9465643802310866,-16.156189697893783
-0.43067852166311216,0.1424406474628821,2.236855251388646,0.42999319171612926
-0.934735998023843,0.541745893738288,1.102106240037262,-1.7810419758568177
-0.8675173378589278,0.11459091897594043,1.5914842996711354,-1.4199192798221203
2.4550758839433016,-2.093626331539107,2.6005163538445712,0.1888809268083531
-2.968926805107407,1.5178650215865233,1.8631609819034711,-8.720330936379101
-2.179415690744511,-0.48657809452088907,1.8915376679702742,-3.6940051250210075
-2.9143728618923364,0.7707716871977444,1.7581419485882046,-5.780841135586701
0.07802149693325067,1.355096523306523,-1.6414591038171356,-2.995718290699248
-1.808873112043963,-0.8212382966978904,-1.9235638345971209,-5.7278773019651315
-0.9236313653251296,2.6887443684648886,0.43999630566672554,-12.168857090929597
-0.959591595474961,-1.3708522811472883,2.7122369442451335,-3.6044855406128793
-0.3331307421173202,2.8823685052835373,0.09313601463762566,-12.74512711974084
0.12699677415734367,2.379243142296005,1.456604509290237,-7.737796481158599
0.4839171831169353,-0.44010297698245004,2.2691271565096827,1.7031992693811409
-0.5301231005586695,2.5365574570108045,-2.587707887268831,-11.436495779457724
-0.42001882859302153,0.11708891926715381,2.705629173491099,0.5873036234722828
-1.4940045200114511,1.8362348835726525,1.0588271999915602,-7.483305569689923
1.302515425686738,0.7777330970412213,2.82936425076948,3.7850246039118374
-1.0039112447320508,-0.6103466419237766,-1.7825294867189028,-3.3494647655749548
-2.6957756683663767,-1.7225508301479648,2.49278638274345,-8.840771381344775
2.041012902950338,-2.325565551044526,0.622674151901192,-3.49863141696792
-0.12482103066225125,0.5681092229296714,0.9556500396543797,-0.6104434503663747
-1.1600430546667686,2.768105068418741,-0.20495978963325046,-13.577679547235274
0.7686051291894413,0.8113571033982794,-1.896663620941853,-0.036778747998262695
-2.628807491061755,-0.5308990590121505,1.584180530630812,-5.060193186660452
1.8913307297506305,1.3799354940123898,-2.320770284848662,-0.42242718916105226
2.480129169186273,1.8122194679837023,2.2661481998972013,1.2200746168177203
0.13982491785106355,2.4938126106043947,-2.720086572276677,-10.404798910116781
-2.8182669964103884,-2.8787065598631187,-1.4833879322852617,-19.101961430721737
-1.5085813607461027,-1.8749799938642007,0.4023349103123737,-7.918893872526871
-2.7660849538017276,0.5423272070091105,-2.003933081716698,-7.5878773565344
1.0672422514038562,-2.8735478733366535,-1.1365788176808307,-10.94957881404623
2.630047721187683,0.23037827926346788,1.8695244164805045,5.99406413382394
0.9481564896703549,0.6645047136811577,-1.8524839194906157,0.22574158238194242
0.44636848954683606,-2.761881489246,1.8099864305512394,-9.552086674977543
2.760425502157057,2.124054428051071,-2.695742124203633,-2.9628376056984878
-0.9680394997186892,-1.0919808128263064,-2.32369804966278,-4.710006642669225
0.7596709159687265,1.7847490521980003,-1.1176711679865368,-3.871533725634811
2.1768554095124086,1.782761477076778,-2.2251723511540513,-1.7212979163197584
1.6011549404289322,2.2957243194115096,-1.8163045810095209,-6.021415476101737
0.4418470769911389,0.832499796132617,0.6560055449555993,-0.1828197209009812
-2.4225259342317393,0.9671487660896951,0.791728348077112,-5.744155366439376
1.943312934012086,1.8210761947819698,-1.036990752404066,-1.8955020018428643
1.3322839975593235,2.2036403254341357,2.357686549144737,-3.4213751467725957
-2.030926038318005,-2.839785899482292,0.9048446605333718,-15.387410792289561
-1.71194236353742,0.38225834560241534,2.6688271788410454,-1.9988605172244873
-0.7240822544845935,-1.4833526976941596,-0.2609397002287839,-4.411018109489543
0.9434634796244019,-2.3934061928720474,-0.7164914189967435,-7.152796553422314
-2.1976728669688637,0.9746773296855231,1.983315193579104,-5.154226704198168
-0.7388773115473053,-0.7696562833534903,0.2371299536846072,-1.941588184894219
-1.7096533221714385,-1.5155424502993746,-1.0208863003055153,-7.282172017333411
-0.2554458111706954,-2.5108112381845595,1.5163928182020339,-8.871769628907968
0.4743274465755256,-1.2018367626569928,-2.5347205658939833,-2.4820059745904977
1.5790857084088872,-2.213526070252076,-2.2007601459019304,-4.933061344322797
-2.2158945251563402,-2.512426133304057,2.438354192401542,-12.427123341059392
-1.3845342019596572,-1.1615365247588387,1.996765860012406,-3.5795098504110845
0.7195407582708082,-1.877139680755687,-0.39111952574046693,-3.8909014545909963
2.30353478833288,-0.7477558978832177,1.2652893191792023,4.520315615785388
-2.4191537469811917,1.3639486604312632,1.658841144391479,-6.729510102100599
1.9546006902127955,1.0452059426112674,-0.775603231042485,1.9504884430582015
-2.614727999003378,0.11265740436176941,1.5447594382932124,-4.179055436328536
-1.854970779061937,-1.4025766403223385,0.21672025427623298,-6.706007181125889
1.4899893773875155,2.379520384555077,-2.245550894794985,-6.11526704256403
-1.8943787228010205,1.7972218283288566,0.8671297381408483,-8.232074790471955
1.3258367508598647,2.980626990187882,2.6350797521452867,-9.061377845635686
2.0581504010495166,1.662694854319092,-0.6298847087613786,-0.3725451764870891
0.8473746636588908,-1.8933261453205266,1.556966791684835,-2.9777929143003132
1.546143987110332,1.3277712818083138,-0.33120585343932607,0.8918926280278956
-0.7309180272550737,-0.4813744057803522,-2.7999645893325207,-3.3022037625474017
2.0659206984689575,0.2542192653286284,-0.674888165989612,3.3142911328440747
0.28817260959623336,1.3298413111179732,-0.7112347836096253,-2.6462136894525217
1.9838440404719515,2.5167800778323226,-0.6754062161361336,-5.966456353437132
-2.173103073900413,1.5622397759410935,2.957693152491636,-5.881691692038393
-2.112071107427612,1.276054056368789,1.9519404018002415,-5.628616166456069
2.5234316699781667,-2.259711514334554,-2.449140521090343,-3.5567370926732935
2.927229491079201,-2.29946108939047,-1.9391546451786237,-3.3468802799261463
0.4497176029741139,-0.3223617822621918,1.502353147966998,1.6005185888651856
-1.8566565110513198,2.4865665693595167,-1.6968309221536653,-13.634804934445066
1.6146659411198385,-2.5943788483556363,-0.15958447345700755,-6.406174681042198
-2.804650040128842,-1.1171357616173823,-1.1266159549498258,-8.253477657056465
1.3184906348314538,-0.2698951010856008,-2.6593538256424996,1.379086147264801
2.972169956573982,2.3321958402499963,2.4979436098404184,-0.8746192653149079
-1.5205468195581675,-0.6353384716501922,-1.6369229945198798,-4.771552009874071
-2.250561706934006,-2.8018564520055858,0.020018687918441636,-16.272550307052636
-2.261198063601662,-1.942173771791237,2.162854082745725,-9.17806999844208
-0.09454338819641173,-1.897778873878504,1.0191873589038734,-5.779449705934266
-1.4048107338310831,0.16162320030034305,-1.3022827928259335,-3.320345215073451
0.09696712506566296,0.7712015444949101,0.21724847724760687,-0.4274962186688139
-0.6263753562305965,1.7448827926231747,2.240624694874107,-4.8310427432116185
-1.923772417870762,-2.1821476510918174,-2.3208501553077436,-12.552191053528112
2.877580382689904,2.649547817135506,-1.6159969061933857,-5.139028880508385
2.819445441493028,-1.753093997259576,0.03885609712878457,1.1281108729272493
-0.01568973468290835,2.4897354164330405,-2.7568268406313408,-10.402956167239509
-1.1078951133937116,0.5998481907943649,-2.601610688980326,-3.6332258102658908
-1.5806965415638696,-0.20961927541475722,2.285142161215367,-2.2410043987550736
1.5657571299467268,1.9738828173704484,1.5664186351758742,-1.6859501277918274
1.2463246562986985,2.0981600558786804,1.0888601444201331,-3.638678749420811
1.414098355881607,-1.1901329834867147,-1.99415566260755,-0.3122704895650084
1.539149874934731,-2.0049762253880328,2.5167351091198142,-1.718911877119102
0.5798570241367278,-1.0233953227690487,2.6198589399141055,0.8982408584956494
-2.0692183683729315,0.08679802617147825,-2.4506755607025834,-5.04088730322925
2.7925662545074426,0.4522563708697733,1.8219995868003238,6.226476824235184
-1.308465488113783,1.8107797600112319,1.217051793534588,-6.972909912777202
0.8620888187561118,2.7033768894421915,-0.3990519714285421,-9.520679427212238
-0.5094693984472372,1.1527267727101007,2.010331836858237,-1.904547152487762
-0.989543879797234,1.0179423281744349,-1.7457755528153622,-4.674745830228305
0.31019984191729844,1.615030211208797,-2.608110293098981,-4.746936866555581
1.367052392665629,-2.90740513829698,2.750100173971746,-8.586036259308568
-0.18798119700942673,-0.5455748623117271,1.3226679052063126,-0.3308608306578974
0.1397932197965499,1.3850931319395805,-2.491452631597736,-3.879407198306125
0.3767512239772355,0.3486521570975256,2.592683350252921,1.6842735742320933
-2.762366531468209,-0.2830821416615539,0.7864374729601962,-4.650530241139167
0.30448170760950966,-2.555033413095558,0.5593703591138732,-8.504926796081797
-1.666818688636414,-1.826704923978912,2.2721453084859213,-7.067855393043739
-1.8129473535618812,-0.2742554879611694,1.501721293435219,-3.0039437248630403
1.2438923161475657,0.3207540355277909,1.8422744815583423,3.911826394953021
-0.20510295477602813,0.7223126024365873,1.9134998443136162,-0.13917335843123532
1.0685498160777787,0.8509702002442698,-0.5632276575773036,0.7432067284505885
0.3499407485601731,-0.6235040161419771,1.4657535317828936,0.940560288839568
-0.7174190633144986,-0.20027307408333161,1.53274253998711,-0.6368478510160483
0.021934790836109386,-0.9718045759082172,1.9609136332165393,0.03081550959138185
-0.714224435202583,2.068374604046931,1.7114424161922717,-6.9956773240536565
-0.31626705737451166,1.277345638378966,-2.79366179849497,-3.8469853866079857
-0.661209576708977,2.162002117176443,0.47723614511015633,-8.359787190876524
0.3469549573403867,0.988433313321285,1.0660297918455353,-0.03036074664574623
0.5015895062827465,-0.4762241369404232,-1.899097870879221,-0.5871020987754358
-1.2441477891848023,-1.2424669377928197,-0.4155304521586123,-4.4665166547241215
2.994352532878895,-0.884688348727972,-0.31572430908438864,4.5576630679851045
-0.7702346170412833,0.48856643714922665,2.6873914768548754,-0.5722760224618871
2.334437362311114,-0.7371675257728034,-1.398593147748403,3.4317252810577874
2.3063916261083968,-0.036999966515046445,1.11324688270894,5.543955402496558
-2.560251463022082,2.1993461813174884,-1.1222090242984462,-13.270855927083604
-0.03283825627518544,-1.811873509443258,-0.4785442636427373,-5.3331247631975405
1.968293503780731,1.965475487242192,-0.1579679215896972,-2.355514771498216
1.6074642070710903,-0.2515988056405618,-0.7598619589247497,2.7812360415928263
0.27533385948272215,-1.7919553970430473,-1.1006308507195937,-4.846715684424311
1.2391726279402704,1.6230838892080826,-2.659751188228473,-2.9078125121718186
1.3969568403164914,1.9045796141892746,-0.32883856051040095,-3.01697926147045
-2.625276522834581,1.0974795326732938,-1.5230180422129658,-7.934525992885191
0.8601439735333187,-0.7402649455949755,0.8229811223273695,1.0858716220960893
-1.4511907195341223,-0.14077786455222974,0.14804843420692615,-2.6993962800787736
0.7860790945847671,-1.780992950548769,2.772306451214945,-1.3448074059181994
-1.265171545539861,-1.1638792093951194,-1.4621257010391244,-5.872545395263302
-2.5951424365914377,-0.4624625225909771,1.6310178679002902,-4.730373571255977
1.257401620109091,-1.8265652817581033,-2.178408584800004,-3.70436367719614
-1.0714323575905782,1.6095309203404362,-0.07153118488664756,-5.9168044063719885
2.539105094644116,0.9383025955616202,0.725440683672804,3.834782784665009
1.606146756283933,1.501549486157776,-0.9369712499136384,-0.6820991506678068
-1.4579495896339192,-0.37427166164590675,-0.06451691537212945,-3.470154206764236
-2.149663377456485,-0.3520068297393264,0.8389395352899749,-3.8567108465008424
-2.1857129700991216,-2.17177267164627,-1.9576715249203693,-12.395374119635305
-1.3000115678504875,2.7702556492766544,-2.845252244427231,-15.582566171107475
-1.8975652903130236,-2.0097129637367965,-0.15391184907832622,-9.819449421379714
-2.9095633288175,-0.25096067674576794,-2.022465300519001,-6.998776191192823
-1.3821586640214962,1.7546436345623864,-1.8955966711385366,-8.796423384970762
0.7027729984137836,-0.562126380651522,-0.4944265845841809,0.8630727257788875
1.90107250558761,-2.034510274876877,2.542861350732471,-1.0487913501906816
2.3609451435672604,1.0099317770262228,-2.703316075730365,1.7940650774348592
0.9798511709459481,0.6020860941840551,1.6332354517996261,2.5280360497670595
-1.7170105060393186,2.720136062387134,2.3171828985844964,-13.008591194697294
-2.3138571575134836,-1.1087888484682245,-2.8053348665162394,-8.20218560425278
1.9856832756484284,2.490568480007667,2.9388555082554113,-4.097925546582548
0.6715501058504891,0.9959134730926724,1.0704332009766748,0.854736872088407
0.4208906088775972,2.7145374680856804,0.6471673723709195,-9.462050034543477
-0.985643764817159,0.07726343960720339,-2.888022750712767,-3.645771302216435
1.3447578289483468,1.163526457167201,-0.4736931525184933,0.067765341174364
2.108886542812301,1.5331565751017964,-0.9798924097445028,0.010702988964751609
-2.5350121815761355,-2.2066618510267424,-1.8943666239911592,-13.47067738435829
-1.1764918259283688,-0.31490565467640597,2.567979469740526,-1.6929620235732548
-1.3294926127225084,2.391513978258608,1.0827730806394156,-10.687257171610003
2.120957490119615,-0.5804796318718548,-2.9803395485181294,1.862256628530583
1.7218041723940276,-1.5271448926850464,-2.1451187654249573,-1.4903252178179127
1.7969495897067524,1.117971899986947,-1.725508794942518,1.1311849548814408
-1.3945091116768167,2.635318988597743,-1.3887721494463976,-14.105720338216805
1.2144352682631387,-2.222680520140857,1.890215215246994,-4.057926252405006
-2.29445993269414,0.09624676068456495,-2.7886942405966217,-5.8084332373972885
0.300471273584062,2.0797296839082646,-2.4936089285127276,-6.889808032654628
-1.3544605236567544,1.5881583803563872,0.6485899167434184,-6.269102689223962
-1.1232185607175917,0.7734232767246914,-0.271738077465983,-3.2663462640411325
2.174137594232687,-1.2423605850127457,1.5463836189139286,2.558655466314095
0.8140449304189286,1.442571964861675,-0.7304303178042799,-1.3344321998338873
1.3495261135824865,1.1905565804353246,-0.6750666473839293,0.43036639197517224
-2.8412866180926573,2.7774799102811762,1.2816023764588103,-16.94433595995702
-1.771568109427199,1.3848432813384761,-1.3278998185571642,-7.082555108278553
-0.18428764278711718,2.159328963681272,-0.3115673823035565,-7.30434583060743
-1.2719605629585267,-1.1670533303159187,-2.5378964000719604,-5.712066249684629
-1.682966522173766,-1.3733626241723957,-1.9621853239111402,-6.627462017101516
-2.621605712399186,-0.2052650221672292,-1.7136232134130196,-5.751527891537827
1.4326230665069044,2.535166576817538,-1.3620918016584576,-7.618196063482507
0.43348974465921364,0.04035398906858756,-2.549348767577793,-0.43689171125976944
-2.2507537057714813,2.3086767474029113,-0.15508777300322985,-12.958496201935763
1.8276594618362312,-2.6005155313550787,0.5688788194815446,-6.129427314948414
2.1918717256494373,2.2023965804151233,-2.965665423759531,-4.329608988853334
0.1303206269938526,-0.7859715043094622,1.5602521745942948,0.9251853916908461
-2.5606860191230876,-1.410440626950391,1.8758567119330074,-7.138185294245106
-0.18266266477895954,-0.28109807104975415,2.811351888466117,0.29385071215797354
-1.0806560260576248,-2.7496676481277817,-0.6467949956447576,-14.027343758689845
-2.0797586305822158,-2.5086488628139003,0.40716214068729606,-13.362210102709476
2.7214536963504017,0.47644544565827207,0.8826872853431174,5.166946053561756
-1.058226830164668,0.426737141721353,1.5134670818490958,-1.8930393068070237
0.5357091321107728,1.816670245124933,0.30282408274022377,-3.8372966061602
-1.8111356611738136,0.496357525408766,-0.05438491733499973,-3.916476480220314
-2.0043868052100446,0.714995106962875,1.9017632546125913,-3.874321590948758
-2.189473839133262,0.26967516982803463,1.4021227967596293,-4.053743071953459
-0.581894422904802,-1.3797225527295531,-0.7663175359793382,-4.166094727216567
0.25019111302265706,1.1199622392775597,0.35505133053460103,-1.3654564696561566
-2.357849790043992,1.907318359468599,2.543158285330872,-9.050708076995061
-2.392242945349066,-1.5028832274712272,-1.9579128701405228,-9.565324796475275
2.0949309895798596,2.461672341707027,-2.7343574743197667,-6.502867557356762
-1.0054835162122364,-1.8450323217094062,-0.18280375866399545,-7.013053835219527
2.529542563713603,-2.578960550098242,-1.972325322050661,-6.388930359602791
-0.07782431111177113,0.14420816857685104,1.4730076979651825,0.5283091245425015
-0.37388376871482754,-2.153179491362818,-0.8783287691697024,-7.925887298070209
2.8925587096091885,1.5043328792263386,-2.3019337707913623,1.1264918344021106
1.8492550730339392,-1.134441216111099,1.6883788926681378,2.6842014387059923
-2.9236713048299965,2.227620924100516,-2.026138057168394,-14.638892313894724
-0.265496426053784,0.9705335897450666,0.04721740946775954,-1.5272039499534331
-2.007613394655626,-2.1652889207486394,-1.2927936424562214,-11.364022675183746
-2.6856494578937498,-1.700731397339768,-2.2193699023484728,-10.749065070852659
-0.21121791292426195,-0.8609404239439549,0.5209934922028276,-1.8002903580930805
-1.3147268122059712,-2.796533708858809,-1.013339030659907,-15.180813018226425
1.5310842247779437,-1.4649710392967257,-0.5727093994412611,-0.15038555055253355
1.529846282807389,-0.5599122957339997,2.32274479169672,4.264748620175572
2.5084110356911564,-1.1368221709646662,1.4157819185316587,3.875150690048417
-1.4812981027706291,-2.1628597768302353,-0.3727137521309989,-9.791701022741252
0.614834574004897,2.6135453523061916,-2.1245908858043414,-10.260883768760781
1.2741760519588095,-0.14721297078261042,-2.2097442142873898,1.35415636164069
2.8359482837984125,1.1746136907438895,-2.226847945417432,2.489240982232629
2.4345325117364665,-2.381435036686592,-2.4440445918008207,-4.732877497244685
-1.0106940267335478,2.6277549612061897,-2.801853111125373,-14.238601690378873
2.5092434464812143,0.6696694721707592,-2.597690171278452,3.3291560571484955
0.4115503525710653,-0.24725566489035655,0.3839072932080838,1.3201152993256526
1.4232212464780325,1.0717145831043755,2.9833652884031876,2.270646371047792
-2.0599856181967517,1.8771325125163987,-0.5334420785725618,-10.078733881376932
1.6998451263624554,2.350675042770048,2.9519891278872157,-3.307656883999145
-1.4037489302163966,-0.2823703737703793,2.6566756413809145,-1.795053153550907
2.674430279756322,-0.7627569427626302,2.641256726905838,5.085542787587307
-0.5646530683272815,-0.7514034061481527,1.539716371638879,-0.9637835141840831
-0.1727290203538825,-0.3108092629187853,-0.6832860379300509,-0.7853263314766596
-0.40317640855446113,-2.1610941215372312,-2.633777115283457,-9.27172717730717
1.523958868112686,0.3869996974855354,1.0313438877491912,3.9729698191323446
1.8140127128559582,-1.6193630250536115,-1.5973624305297625,-1.0624894244152423
-1.332548202710738,-1.1764500530903061,1.5641455070904033,-4.185104761092112
-0.754910482529235,-1.0608668227227989,0.8178094196758394,-2.7587283349213956
-1.8805769917794053,-2.3614790994829358,1.1827994291558026,-11.846650355152283
1.5386719920089895,-1.2218123823786984,0.8162470611117891,1.0177172357607844
-2.795540592644427,-0.5740861165226487,0.4677501771352599,-5.735659559859752
-1.4794888376219457,-0.9107105885676723,0.6572973828651865,-4.040679109868888
0.5393870665024929,-2.074855575202542,1.2394913172745667,-4.894310917472407
-2.5198243453387255,2.8183480448445977,-1.7858282509583179,-17.346507910723425
-1.4787111439854361,-1.7981967221356792,2.9489937571654856,-6.075297951681465
-1.2804304772075765,0.6317536469329017,2.943804914661989,-1.4467797566716447
2.7004071345721563,-2.745901025658621,0.1271044129513319,-5.686947177790157
0.6078280581375468,1.214370369369635,-0.9845441100850705,-1.3433985612545989
-1.0325483392151629,-2.974295906348309,-2.788579792643992,-16.292065312860643
0.30034301111401707,-2.5446773923719377,-1.7851127305830123,-10.010808685729286
-1.000368502677321,-2.577172449022976,-2.814840960072628,-12.814229995925649
2.5615226964791287,-0.3887482225278527,-1.7706932361587777,3.7255905037123287
1.2507108080950058,-2.9433279523296703,-1.5298965141250234,-11.334807099636627
2.764497834332639,2.3861410375498187,0.8155515024306448,-3.0173110651511523
-2.4407833717860656,-1.09169492841713,-2.8324046990538356,-8.188597724104456
-1.6848539730930319,-2.847395258501998,-2.2430179261936276,-16.49717381660605
0.7992872470224537,-2.397342934452319,-2.0654215455119527,-7.619641929996199
2.4168478982281973,-0.9872854588156788,-1.002018452822251,2.67158944280287
-2.4807631775996253,1.7755831316828985,1.0582634427396842,-9.159846478024953
0.28279680216158365,0.7074770513067117,-2.397715845576448,-1.4918131056039974
-1.4381635990197914,0.5018490951948866,2.7133916305376014,-2.11899013652814
1.902791652470225,0.8443581516628464,0.11291147294281201,2.43581417292841
-2.9092069395742675,2.3442976052723346,-2.5988754276565604,-15.343250136514676
-2.2255136946126877,1.1584304306306956,1.872863885675324,-6.04715654043509
1.7193039832057222,-0.2855752782000458,-1.9376653339981174,2.3806083853811852
-2.7881867005205674,2.1082776611087652,2.8661847784912053,-10.804247475644573
-1.5351869712964714,2.1964579656544014,-0.5848144982247714,-10.796747673712499
-1.131937440148456,0.030926022710116463,-2.950990909671217,-4.044076034426509
-0.3437131847466879,-1.8026701885032235,1.2747431614810605,-5.339776686012931
0.015428278173951426,2.2131157795924787,2.3798891453246904,-5.564622528518267
-1.0994464214994906,-1.3176971658175227,2.634782302474833,-3.8885820422235104
0.023985355774969186,-2.4209068420561293,-2.7246892137483085,-9.63824809433045
2.9425531449724245,0.4749817741667983,-2.673042160836957,4.390223108800667
0.06753269022680453,0.024627017948378516,-0.38767294911975414,-0.16888711961127675
2.707682391054239,2.6926321844030294,-2.250193930357222,-6.932257356911178
-2.089675787395658,-0.5550683653170978,2.0041588270394053,-3.326675447477311
0.7425155708001241,1.3789807673968326,0.4563502942312394,-0.6202802875370446
-1.7396583816251932,1.9065925726856658,-2.9158741076274035,-10.670103997037252
1.1909055473738963,-1.8339623054622967,-0.1734511209976879,-2.8396646343000533
2.850799232472463,0.23421514509100305,-2.6583070732865655,4.605646956454757
-0.4273210208967768,0.9616026349915305,-2.659759845588474,-3.4708063980137203
-1.4840776409927414,-2.8899831724432348,0.24040950755872004,-14.775966346866872
-0.7111345249268375,0.022140099967972837,-1.2249791049432501,-2.2065372132065915
0.9408420825234121,-1.9614830674713066,2.439912143414949,-2.5067961366998177
2.760488730731276,-0.04203805657944759,-0.20765924445107542,5.039218650953049
2.157700235010978,-1.2609732145339638,1.8186340824415623,3.4684048587342744
-1.2761543445545664,1.3197887671438515,-0.9959319490450076,-5.882140492136744
0.6156100275405496,2.555209477730738,-2.674051287685477,-10.561838910177684
1.8435277658565425,0.2510734144969753,-0.7255942176640446,3.191972427302419
-0.8983472572514568,-2.583527860467541,-1.4497278152959827,-12.575311917202885
0.7388221487714253,-2.414460243563072,1.0164440422035215,-6.183889629206825
2.7735200348240543,2.884656621289146,2.3354473046069435,-5.868747905784508
1.8396651255590122,-1.9322801328151644,2.8209357222095646,-0.5145547785281062
-1.783660784225002,2.2142985430046433,2.2672420096682364,-9.61034595837078
0.7314498956284097,0.12784039374755451,-1.797448881986517,1.015541805786111
0.11681022362252769,-1.256280628098067,-2.244715747107432,-3.27506783543421
-2.230852919149892,1.8070257787301385,2.5344202801170796,-7.780665577657773
-2.1487872622960147,-2.920433756068039,-1.4182037712031061,-17.644651019147798
-2.1933660524747243,-1.868240837517958,0.49996139648662696,-9.461107747589427
-0.4662352624581896,-0.42462542916449797,-1.7663240660554358,-2.0628263579864745
0.987532675213604,-1.262938686132854,-0.6051187285555901,-0.7114130375900332
-0.21951575771589393,2.426546845632208,-1.5218657968328684,-10.30696619563491
1.3119961588174558,-1.143787658199824,2.3665578788421966,2.2090001728144832
-0.6355230419917488,0.03097042221837043,2.263291617357293,-0.5565251016838786
1.0365653917324185,-2.4338469531202462,-2.178984852250082,-7.5504274527140165
2.94439460525029,-2.8253683681436446,-1.1947684604177797,-6.3963288445309585
2.753366210149702,-2.9093637742520047,-2.031612716599297,-8.233585071819007
-1.719814267490965,-2.481655377083192,-0.168231826917137,-12.9912978685915
0.5546275622470489,-1.090070710839822,-2.348102035605903,-1.9151046509536767
1.8657364656357451,1.8268282895838404,0.3725994095611975,-0.9463473659850818
-2.17354735294474,0.25146786194616944,0.7771436382240751,-3.83045948335593
-0.4302460188208399,2.183180325521275,-0.6597276034728554,-8.25369465093093
0.06532243426839557,-2.3151398323426324,0.38130479731342426,-7.420870496913459
1.5986882628102173,1.387549931467528,-1.4581149902729875,-0.5868535595976121
2.951197332437218,1.3196048818302177,-0.45748547124014394,3.131989282579157
-0.510548845671392,1.6759521344933255,-1.94590592541937,-6.677777732982404
0.8377644757193812,1.3130368742691036,0.09804012066809031,-0.632461740361539
2.2391904467519694,-0.18818412025095688,-0.2106435086831997,4.365892120075875
-1.2919222210491044,2.5162297984946704,-1.1023811956224647,-12.756825891310655
1.1716276357805064,-0.5438823794512033,2.612544790309064,3.5542783283150654
2.687756201597195,-2.819788602504587,2.9672016367706195,-4.8602405780035065
0.6296165731033145,-2.5568791575496395,-0.017815087114459338,-9.401039209341452
-2.703168361487619,0.2933628951892695,-1.8872730651382483,-6.4671009634749
-0.7923579678911867,-1.1717993007226168,0.6132720916778593,-3.7742574907228006
1.9341718878259826,2.61921975805122,-1.0268515014238644,-6.6155522241683
0.41813966728625473,-2.964604982499754,-0.7670188148314105,-11.9838316793653
2.7642229395945037,-2.286968694906031,2.218966653714876,-1.3629695643884487
0.9150311808325249,-1.236637626359304,1.6689656776317312,0.3930100178401339
-1.264311789341633,2.368890349708261,-2.5034450576994374,-12.273118413116954
-2.286041669189685,1.5000730851082533,-0.30493018461379773,-7.994633388019492
-2.1152199620274126,0.08060427395685021,-1.2181852580691717,-4.655913421876936
0.29589170079536187,1.4622835406042523,2.1410361571861287,-1.1589500685372829
-2.6459989953821927,0.5541286663476925,2.9019949914491274,-4.5978147636915665
-0.24121542223684767,1.6173987407795671,-2.4164360275846986,-5.143126444731957
2.241047265881307,0.4923170021671286,2.32957911660543,5.003865887318004
1.7227074686600297,2.215438645924131,-2.6562247134929273,-5.1618234003966235
1.2931446462343388,-1.8181145518708206,-1.4051379473500147,-2.7270174749199763
-1.0513027228069514,0.5478879087376578,0.7671654998462429,-1.9553348149827678
2.5886552746493834,-2.9236896504893033,-1.8393691198677014,-8.845888251498984
-0.8279849009839766,1.9080410402379693,0.2994524374895029,-7.177751585119147
0.07194361191981535,1.5611153811740284,0.9303554278600483,-3.1852561830569024
-1.2608651270563582,-2.4773014759548717,-0.22615946629977568,-11.855694675752655
2.2809983851570728,0.5888463442568819,-2.6802656140036456,3.045839912090902
-0.3595377129650892,-0.6923274973990048,0.49454965931379746,-1.5783200730059717
0.5227603806048204,2.707992164102609,-0.9714368807361957,-10.30001956903633
-0.5514270233311658,0.6810834658601452,2.318343726294936,-0.45650248506510394
1.2368636925241514,-0.17468736727603495,1.8873962895314103,3.5391386320325733
-0.08816345300808504,2.781137386846723,-1.3050033130754595,-12.291024408991431
-2.2356486142653145,1.9823993765028067,-1.2162059149956412,-10.51876568157055
2.084377554254549,0.65642896634637,0.05375587418651495,3.69562706682438
-2.477809286440804,1.7178930145940612,-2.604453707157457,-10.427492267478954
2.7909068504217496,2.261847564191915,-1.1821884453040077,-2.5141481757916426
-2.23280299852427,2.3140467036680468,-0.12089660296834026,-12.020338668849652
-2.250757330836114,-0.008866898961967795,-1.5190843435483248,-5.831116188161055
-0.5529876311352675,0.8414462982573063,2.492188690610023,-0.5372961531061233
1.805578986023023,-2.0339466092554943,-0.13598562547487747,-2.7405522869203076
-0.04843199747766569,2.93689664890457,-2.478612947321923,-14.35842841626755
0.06460587536431994,2.4861785611707106,-0.6069045260049886,-9.736709292279075
-1.4296929610431077,0.3356008640514272,-1.0794696744826697,-4.128671309657695
2.5624747967244064,-2.4912073868272575,-1.7597527400474033,-5.178666597116198
-2.4967741695215886,1.2713352038732015,-1.2411488326727027,-8.24475054914583
2.4010140837565146,2.361788559000545,2.6183199261616057,-2.1076274717067665
-1.463228962038726,-2.996059449864952,-0.6743674945107623,-17.169878753901678
2.7753782494311716,1.5824515526303458,-2.642040719914065,0.9029907181352599
1.2154334463151155,2.5023811967659393,2.8063197973573804,-5.477260536618372
1.2959319368737852,2.177972573255099,2.0502126173995823,-3.5727474197890317
-0.8499732739911794,-2.4057368044838907,1.3647850035235773,-9.911735409648882
-2.178520092806502,-0.6948073319897508,2.9744157448348734,-3.8301302727113793
0.35871315077262134,0.13044021934437655,2.687279683317116,1.6965180175837025
-1.2957594649045883,2.996585552639605,2.4718788533344576,-14.988175182046707
-0.8165759450109471,-1.0365611121643334,-2.2406198041218923,-4.363335076491526
2.493840688927069,-1.8851404595611723,-2.9461280439214415,-1.8692235073514263
2.3404595117461398,0.5886907875773311,1.0310919192126171,4.252283355889525
1.3988469127111305,-2.7440303703129203,-2.4488700112162043,-9.801043662298445
-0.0009785697232453927,-2.6984342918094217,0.02592957834803533,-11.17926866569312
1.418032089401768,0.9444548923431202,0.6998859264371902,1.8959792320344722
-2.7215657094130727,-1.5800707095133797,2.384968162773216,-7.436186945471475
-2.2606769928332198,0.199342247545498,-2.6997095295864426,-5.743307939710416
2.63521566644836,-1.970619252742144,-0.5398685813049902,-0.9184492983194308
0.2806868470163213,1.3119102055880436,2.624714201188384,-1.1953967387046083
1.4181796490735623,-0.9157897743390926,-2.5479623360686174,-0.12004552866688872
1.2444306401980718,2.8350619162730846,-2.897903717930747,-11.522471679864957
1.6480775882174887,-1.9431485522785534,-0.24027799803774608,-2.269932727897001
0.13582005086934945,0.6865573799419682,2.9372209442003445,0.8036882148964997
1.1244126555826375,-0.6456754850233892,1.2901247590419214,2.2873225204832264
-0.1996122754904146,-0.5212800638784181,-0.8060807007026387,-1.3964685135904995
-0.039563432204318794,-1.312907046309316,-1.5473979465046956,-3.4110542434719116
-2.1092000655891083,-0.3586522735057329,-1.2404321261252267,-4.61106023491024
2.0216491167848316,2.0873649261461953,-0.9367399707606481,-3.166194033803841
0.7148525089289315,2.4137449909530515,-0.8450284373794967,-7.834343124626746
0.3282943761730004,-0.33864828722641427,0.9015913676178151,0.6934572690937564
2.7586252402311953,-2.1682578757133855,2.7923119766744087,0.12376561646570938
0.9944010956309492,1.775223069711986,0.8107308644462918,-2.6406729543456975
2.2219019751667988,-1.0425675813827884,1.2482859042339278,3.097631186472337
-1.4153218102850047,0.0519434116594466,1.088942774026779,-2.7065183002503415
-1.7932542480653548,-2.6330435038042816,1.7456886720786517,-13.53558335373735
1.8536777600048904,0.993989160748808,-1.0714103045370575,1.830896991813484
0.9490380333942827,-2.4967176924605887,0.9750577718149405,-6.194056395026015
0.45719130076212755,0.7032259420925495,-0.3180944013082234,-0.28506758249987546
-1.6490500860672899,1.3552631439835228,-0.2152181559573818,-5.8753527872815345
1.4722795781415376,-0.8149194460570994,-2.4732644391530623,0.7871184938652407
0.2547455729930208,0.7365681562463955,2.5306626580087217,0.6304167319204872
2.3265284672162814,-2.6571050793797846,1.631042323624464,-5.20474287306208
-1.4318231986369896,1.1831902711588738,-0.7231081899519021,-5.394984321598679
-1.0675298687239232,-0.07029762717911181,0.18318694968635718,-2.2580894646722847
1.1668994626693276,0.8273006924556494,1.0695330202351458,2.4211078439635982
-0.695539046599059,1.0640422656834616,-0.927676045804819,-4.1250312017388655
0.6451994841213664,-0.2428021975427681,0.376791385065367,1.504676234534143
-2.8947708849414804,-0.007281465369706641,-1.680192330144295,-6.5302601203718895
-0.6851247929272839,-2.5573754111304527,0.9414066261534595,-10.883684622424338
2.3611298256459152,-0.8724168050554484,-2.369593278038418,2.440647249270502
0.7216067658471337,-2.237781309067051,2.349727938780907,-4.630138789121276
-2.2652591020435313,-0.8287770972883539,-0.03204126167583521,-5.531025509777642
-2.29276316365272,-1.0875144677154231,-1.3483255925128017,-6.9085231030351775
1.2798024504732952,2.917640329346277,-0.8229758099359774,-10.412947061181539
1.74431687980635,-2.157953883527888,0.4794825217140115,-3.8663892218048996
-0.40372050129370596,-1.2708974793317065,1.9302618435809178,-1.821567247612989
1.4785305504206452,-2.1960183964367213,-1.2455568617325206,-4.215971335225415
1.9170292891984344,2.954589669137807,0.6693894493489783,-8.631408350277534
2.2301926774662757,2.905329146943605,1.443272782195839,-7.175285042270804
0.8683932045622544,-1.6725654668934786,-0.7774522686531866,-3.2706266799639883
0.7413279750729389,2.5584078734346125,-1.18891720151586,-8.965507431444422
-0.6287456113608298,-2.8665786928334445,1.1803618699954948,-13.23683353482617
-0.33857860590735456,1.7863912176397356,-1.5980701123668934,-6.439140919790749
0.9578767841604199,1.0385557484293884,-0.21405519746521628,0.48093997838460506
-1.8683655051997852,-0.582605392852714,1.4702574503754757,-3.751916027055541
-1.8648863400697429,-2.459753926966519,-0.22330538211518824,-12.956039830846468
-1.592871803279889,1.8033065132383914,1.9034761981099368,-7.684451294951327
2.6716823420779905,2.03857420777077,0.8846630055023805,-0.4955106145468349
-1.877688410867438,1.938038895254401,1.368566234357103,-8.678080815868983
1.4811995157656241,1.1846023604200768,1.980139189765291,1.6361074355030483
-1.2129393678360973,1.0347041287394365,0.10379462031318853,-4.195866416392583
-0.972937088927448,-1.0389635676930002,-2.0671922916060357,-4.032711400352895
-0.05078802808167637,-0.7876950114110639,-0.4709020773959498,-1.6306455271356228
2.110007462737782,1.0890724395178975,1.0814897562644612,2.6664565229614814
2.90427628336049,-1.6930479182881761,0.047372572318783224,1.2899188298600033
-2.4448879065447406,-0.6432525766851094,2.7021093909188583,-3.7997362269636317
-2.4844781926968027,1.546336670562468,2.192604940001127,-6.828926830335851
0.05367710679788873,1.7856641221678302,-0.35372613521731644,-4.752750634285185
-0.8798738197801619,0.03438494085070998,-1.8315402836319856,-2.892486672394429
-1.1550820212360131,-1.1677427955603668,2.930452217769311,-3.018692496804125
-0.9890214306476555,-1.626788311551391,2.638602706947861,-4.308958128476587
-2.1685060294449796,2.7948075193245847,2.1198682791988883,-15.266821888074222
0.8823514309514957,-0.43315252414783423,-1.8165581903988146,1.0108760911068067
-2.362781137072046,-2.3779478830639453,-0.9051485087220206,-13.235117275092733
-0.5571097098371913,2.542260999057599,0.2173644549472078,-10.679111268652697
2.9437847178901144,1.325328948477921,-2.1222325957547357,2.3855468961852653
0.3214039163289524,-2.043776855458579,-2.7647845260677637,-6.7801963983887745
2.6627230108507796,-0.9728759342562494,-1.8624839693812163,3.440735696676366
-2.3892501110577826,0.9128443953601955,-0.2331057796796303,-6.460415971767137
-2.9299443851109577,1.2910880023415903,-1.4599242703710607,-8.735851854938234
1.6833479424658266,-0.06836536338669408,0.21348607055494728,3.3538597853510383
-0.25681256269277597,1.0558914671320885,2.940271038708672,-0.9461780866474077
1.7872357707575883,-2.585388851640243,-0.0311867141593547,-6.436673357284514
-1.5942742567246295,-2.3856063309953757,-1.8289467638857329,-12.704001531095967
-1.511314035915871,2.7583678342893627,1.4691881847437482,-13.997171536836799
2.1178154153960307,1.1929341015255766,-1.1060752464858137,1.0687564232346904
-0.6533670375509315,-0.35591103623324605,-1.239555519390034,-2.3991493027363786
-0.4713447743780703,1.6271208431606272,-2.545779440269749,-5.751155458563813
-1.3405510755377048,-0.12584385832544687,1.0573483135574095,-1.5874121582799159
0.8755704977530367,1.3499134089471676,-2.3684273792625996,-1.971437077801036
-1.9154826517420434,-1.1461185202959678,-1.3098737684360866,-6.100506042076777
1.5335459535296412,2.959906778214422,1.098687848175306,-9.680186262109707
-2.801721277832667,-1.214433707998294,1.8181634981276096,-6.929780155809789
2.5460404606534013,0.5694732633758361,-0.9070647390441828,4.236928274918823
-0.8692900293532686,0.8006357908877333,2.1851437716180175,-1.9319215528449223
-0.9550118069941407,-1.855811465686842,-2.983256968366745,-8.864689642491875
-2.1751749152192117,2.1071272091219475,0.747508022253236,-10.607420240433319
2.943823773377904,-2.5832292550026867,-0.8039019495797244,-4.620004681958982
1.7742553201518954,0.9672381885475279,-2.5999756387673374,0.5261312169813015
-0.5913600034080431,0.8257956703466558,1.126526329625408,-1.5264049369664214
-0.28985264546593736,-1.8709944922943462,2.795563723237115,-4.511837804749883
-0.20099475436954073,1.3040608375047533,0.20896404606475638,-2.5419633023192354
-2.5158410427136415,-1.5798419807534727,-2.621847851686359,-10.088011368042391
-1.85533421298069,-1.7988793933308587,-0.5108372897438698,-8.91012961619479
-1.0698147655757269,-0.824680974235005,1.9013230129664649,-2.1708141331617417
-2.871840360528723,-2.3796272372901326,1.846818074065177,-13.36580540290413
0.20379057137131884,-0.366663366820311,-1.3960963540450688,-0.6925438854393278
0.25392113107774694,-1.6706193040002868,2.150164273009116,-2.7241157154121645
1.9442381725390483,-1.0688947020369006,-2.853001564480408,0.9729974493703003
2.3260065295820134,-1.2079692271633393,0.9412536662803972,3.127810426683524
2.1489331506789533,1.790171444870146,2.1750061730270627,0.9641670276379664
-0.06519327805497621,2.0537572178408148,-0.23306364142372393,-7.081694624555588
-1.4170936598405144,-0.11420084962451948,-0.9876355609114427,-3.4654950548961865
1.6028809221049762,1.9902530974775843,-2.1529961420416606,-3.9367699183543214
-2.0134391930765245,-0.6980321379920804,-0.22028176758640683,-4.816360814758607
2.7379290106176546,2.650152597522778,2.8022434551866695,-3.79363061377641
1.3785325943699887,1.0633629388818635,-1.3776530867245724,0.2181726333978676
-0.7640723197387791,-2.9839001604354625,1.9977313933345808,-13.649876716943396
-1.3434895606666215,-2.524313476088485,-1.1064531387840257,-12.745017224467322
-1.060980080465202,1.3439138148781975,-2.9657599562612016,-6.663905858535598
-1.6199189774550995,2.3788156375592804,2.129256716586955,-10.263003456515037
0.7741878410789758,0.353699363370481,-1.6642948148933052,0.8275990303308574
2.250584875375532,1.5643288992287996,0.07759594863925035,0.6970924735764914
-2.0338902065750277,-1.7049647631030584,-0.7242388553200203,-8.540872981318866
-1.0132522525818057,-2.633663689350204,-0.5617418068855766,-12.932201023494907
-0.3076963476173651,-1.277520944658684,-0.6941826290547208,-3.072864132685387
-1.0057337792617875,-0.7389861321084084,0.7141858378733605,-2.5388747667861598
-0.016015829416811123,-1.814463375521263,1.7715579371128936,-4.325521420565999
0.07911900773986735,-0.24981143630271507,1.280056363279476,0.5927262478130154
1.5128277238202426,2.094357000815604,1.8674798526528251,-2.8498506074761965
1.0140913798503117,1.32677606272527,-2.057238781527581,-1.5832968131965306
1.1955191944586465,-1.4732531034051715,-1.4529854880197624,-1.53863484501068
-2.2792094327674963,-0.61854584227037,-2.880733916908493,-6.561943372890727
0.941877213348687,1.4886160420676484,1.653297283503818,-0.7805481463009448
-2.226828070356086,0.8465197245877905,2.0297594216550543,-5.6119944391209655
-2.784182161215278,-1.8397876446253825,-1.3933451743901637,-11.314414091003135
-0.2280925295081344,-1.967008885435793,0.23323135924702143,-6.712125625848876
-0.9362895428437112,0.9306627618616661,0.18794733378893191,-3.0045486777962314
1.1177877159348473,-1.52195370365314,1.2424129879359747,-0.27849456634091
1.407818675081404,1.33180507838755,-2.5892995249652264,-1.0574038709726896
2.6769020088441193,0.4611831036910843,-1.366085536632609,4.234895488191449
-0.395180811594813,0.10560932102306442,0.10661801128486559,-0.8077458917347478
-1.5122491716770248,-1.4102142669374833,-0.818472421441073,-6.456709760159687
1.6855489212407138,-0.3753356998393227,-2.7682121406658453,1.610903952994178
-0.28674086824675005,-1.7918243865057073,-2.9255256060410293,-7.027333335696547
2.862180217602573,-1.2376771257840848,0.22497912583947421,3.261914207210638
-0.8508013882640348,-2.6795596120315244,2.4053036988049925,-10.912561824772247
2.613944528525116,-1.8814036987981437,-0.4920182593823599,-0.33230587137438883
-0.7581555181763111,-1.9966980455454897,0.9699638093721532,-6.724652340586187
1.6919763669143233,1.558188105574895,1.051511734774616,0.1927680299198603
-2.8950575453401717,-1.6224155211358104,0.0876067956914035,-9.67300955264889
1.2170435687541348,-0.6814582380922882,-0.3043991419979175,1.534194777168488
2.0443148583527977,-2.858718145093759,-1.3884664025759534,-8.725156817706665
-1.2603890502516204,2.956695729653002,-1.6347833402624463,-16.203253531410788
-2.7173210230877833,-0.5012147618453815,0.8971731830893344,-5.290968424479471
-2.0794958856058026,2.0381689173882025,-1.821262207817589,-11.50296652842211
1.225675605856706,-2.029151960071342,2.2903509924359016,-2.8136459557455975
-1.7920773463686377,1.3881533243702107,2.03216421753363,-4.960775900540327
-1.4703215155870912,-2.443043668923865,0.5168475611206729,-11.718924105681563
-0.005873864088225211,-0.12408202798783563,1.6880064083958652,0.721830306440074
-0.22134211605699416,-0.01781156633924308,-0.07641447052306294,-0.04186512284950017
-0.2724712289050215,-0.5656321914154616,-2.0345745570507616,-1.7157810539011802
-1.2281368359069373,-1.410650602673087,-1.5109179891528868,-6.036483969244219
1.6969484263898424,-2.3157728471061976,-1.7674779442128659,-5.653866899042608
0.1584822627777136,-1.1247512283074714,-1.559023252297846,-1.6541858113609824
-0.7597018660758117,0.012127592487655381,1.0460106457497664,-0.8787268907430708
2.8333325996429286,2.115832872855969,-0.42004559679238973,-1.0943850743058074
-0.29017776246742866,-0.5057200342418868,-1.5663978054751282,-1.798515396722513
2.7105925944201053,-2.588041583047209,-1.7703162324037434,-5.935204013657244
0.9718867852761797,0.5373745285191416,-1.3281163487764456,0.4461297008052541
2.621727719350691,-0.5432703664618947,0.577521503265793,5.211595611241782
-2.453841933541166,2.3453330689765703,-2.3819784832932607,-14.232005086345135
-0.6357195178639614,2.3134453459867874,2.6699640595384198,-8.036500556452083
2.4238538917064787,1.9655588556172887,-1.6001953175960557,-2.099027435564907
-2.8088757695729187,-0.2891427244658811,-2.620922485889756,-7.486115413526103
2.7632053432954002,-2.950875340396383,-1.0471164226746827,-8.157000635883112
-1.7802461899839834,-2.9178544312572026,-0.005531639818082468,-16.770908302482702
-2.543701169964974,2.399634935700127,1.1257675355329555,-12.89221570832794
-0.7799956111745594,2.0493844454076573,1.7811458176921064,-6.623583786581325
-1.0413534442122763,2.0833690071632116,2.5763867971402323,-6.456442870938783
0.7193504187261488,-0.8893020323711278,2.403516289415311,1.7176670605110589
2.6571987202389025,-0.9162965288829499,-2.4822484652534342,2.6360193331274315
2.2068606846053305,0.9887602413839156,-1.608013054507747,1.8817451237728893
0.4015632803050355,-1.1508379852841133,2.5151302620524607,-0.9614688376007747
-0.9473117034363296,-1.8224519267661274,-2.7407449567898494,-8.425459164878509
-0.9448974734842173,2.936684031502887,-1.689961516037854,-15.724037519495266
-0.2516921533852674,2.8326397219176807,-2.9597149427902076,-13.728671292333944
-1.2296210463899726,1.9271045173335333,-2.425609867147289,-9.059164711488451
2.5697767597990717,2.0073446212455712,-2.1416900500056055,-1.7989352259560174
